common_name,species_group
Cicek ,Fishes
Christmas Island goshawk,Birds
Anjouan Island sparrowhawk,Birds
Queen Charlotte goshawk,Birds
Puerto Rican sharp-shinned hawk,Birds
Oahu tree snails,Snails
Cheetah,Mammals
Shortnose sturgeon,Fishes
Yangtze Sturgeon,Fishes
green sturgeon,Fishes
Sakhalin sturgeon,Fishes
Adriatic sturgeon,Fishes
Gulf sturgeon,Fishes
Atlantic sturgeon,Fishes
Atlantic sturgeon,Fishes
Atlantic sturgeon,Fishes
Atlantic sturgeon,Fishes
Atlantic sturgeon,Fishes
Chinese sturgeon,Fishes
European sturgeon,Fishes
White sturgeon,Fishes
Nihoa millerbird ,Birds
Nightingale reed warbler ,Birds
Eiao Marquesas reed-Warbler,Birds
Staghorn coral,Corals
No common name,Corals
No common name,Corals
No common name,Corals
Elkhorn coral,Corals
No common name,Corals
No common name,Corals
No common name,Corals
No common name,Corals
No common name,Corals
Addax,Mammals
Kauai cave wolf or pe'e pe'e maka 'ole spider,Arachnids
Black-faced impala,Mammals
Mariana gray swiftlet,Birds
Yellow-shouldered blackbird,Birds
White-breasted guineafowl,Birds
Giant panda,Mammals
Dusky sea snake,Reptiles
Kauai akialoa ,Birds
Cumberland elktoe,Clams
Dwarf wedgemussel,Clams
Appalachian elktoe,Clams
Raso lark,Birds
Swayne's hartebeest,Mammals
Tora hartebeest,Mammals
Thyolo alethe,Birds
American alligator,Reptiles
Chinese alligator,Reptiles
Mantled howler monkey,Mammals
Black howler monkey,Mammals
Honduran emerald hummingbird,Birds
Red-necked parrot,Birds
Red-tailed parrot,Birds
Yellow-billed parrot,Birds
St Vincent parrot,Birds
Imperial parrot,Birds
Bahaman or Cuban parrot,Birds
Red-spectacled parrot,Birds
Red-browed parrot,Birds
St. Lucia parrot,Birds
Vinaceous-breasted parrot,Birds
Puerto Rican parrot,Birds
Fat threeridge ,Clams
Ozark cavefish,Fishes
Ash Meadows naucorid,Insects
Reticulated flatwoods salamander,Amphibians
California tiger Salamander,Amphibians
California tiger Salamander,Amphibians
California tiger Salamander,Amphibians
Frosted Flatwoods salamander,Amphibians
Santa Cruz long-toed salamander,Amphibians
Sonoran tiger salamander,Amphibians
St. Croix ground lizard,Reptiles
Clark's gazelle,Mammals
Cape Sable seaside sparrow,Birds
Florida grasshopper sparrow,Birds
San Clemente sage sparrow,Birds
Eyrean grasswren ,Birds
No common name,Corals
Florida leafwing Butterfly,Insects
Ash-breasted tit-tyrant,Birds
Campbell Island flightless teal,Birds
Laysan duck,Birds
Hawaiian  Duck,Birds
Wyoming Toad,Amphibians
Arroyo  toad,Amphibians
Yosemite toad,Amphibians
Dixie Valley Toad,Amphibians
Chinese giant salamander,Amphibians
Japanese giant salamander,Amphibians
Painted snake coiled forest snail,Snails
Glaucous macaw,Birds
Hyacinth macaw,Birds
Indigo macaw,Birds
Culebra Island giant anole,Reptiles
Narrow sawfish,Fishes
Eastern jerboa marsupial,Mammals
Dibbler,Mammals
Peninsular pronghorn,Mammals
Sonoran pronghorn,Mammals
Sonoran pronghorn,Mammals
Tumbling Creek cavesnail,Snails
Madison Cave isopod,Crustaceans
Cameroon clawless otter,Mammals
Florida scrub-jay,Birds
Point Arena mountain beaver,Mammals
Ponape mountain starling,Birds
Lange's metalmark butterfly,Insects
Bulmer's fruit bat ,Mammals
Spanish imperial eagle,Birds
Great green macaw,Birds
Blue-throated macaw,Birds
Scarlet macaw,Birds
Scarlet macaw,Birds
Scarlet macaw,Birds
Military macaw,Birds
Golden conure,Birds
Dappled mountain robin,Birds
Ouachita rock pocketbook,Clams
Guadalupe fur seal,Mammals
Great Indian bustard,Birds
Pecos assiminea snail,Snails
Spider monkey,Mammals
Spider monkey,Mammals
Panamanian golden frog,Amphibians
Anthony's riversnail,Snails
Anthony's riversnail,Snails
Anthony's riversnail,Snails
Noisy scrub-bird,Birds
Avahi,Mammals
Indochina hog deer,Mammals
Calamianes  deer,Mammals
Kuhl's  deer,Mammals
Madagascar pochard,Birds
Babirusa,Mammals
Bowhead whale,Mammals
Sei whale,Mammals
Blue whale,Mammals
Finback whale,Mammals
River terrapin,Reptiles
Desert slender salamander,Amphibians
Coffin Cave mold beetle,Insects
Helotes mold beetle,Insects
Rodrigues warbler ,Birds
Seychelles warbler ,Birds
Gaimard's rat-kangaroo,Mammals
Lesueur's rat-kangaroo,Mammals
Brush-tailed rat-kangaroo,Mammals
Queensland rat-kangaroo,Mammals
Wood Bison,Mammals
Marsh deer,Mammals
Uncompahgre fritillary butterfly,Insects
Round Island bolyeria boa,Reptiles
Rusty patched bumble bee,Insects
Franklin''s bumble bee,Insects
Seledang,Mammals
Banteng,Mammals
Wild yak,Mammals
Kouprey,Mammals
Columbia Basin Pygmy Rabbit,Mammals
Fiji banded iguana,Reptiles
Fiji crested iguana,Reptiles
Marbled murrelet,Birds
Woolly spider monkey,Mammals
Brazilian three-toed sloth,Mammals
Conservancy fairy shrimp,Crustaceans
Longhorn fairy shrimp,Crustaceans
Vernal pool fairy shrimp,Crustaceans
San Diego fairy shrimp,Crustaceans
Hawaiian goose,Birds
Hungerford's crawling water Beetle,Insects
Lowland anoa,Mammals
Tamaraw,Mammals
Mountain anoa,Mammals
Helmeted hornbill,Birds
Houston toad,Amphibians
Monte Verde golden toad,Amphibians
Cameroon toad,Amphibians
Mountain pygmy possum,Mammals
Galapagos hawk,Birds
Puerto Rican broad-winged hawk,Birds
Uakari ,Mammals
White cockatoo,Birds
Philippine cockatoo,Birds
Salmon-crested cockatoo,Birds
Yellow-crested cockatoo,Birds
Apaporis River caiman,Reptiles
Common caiman,Reptiles
Brown Caiman,Reptiles
Broad-snouted caiman,Reptiles
Broad-snouted caiman,Reptiles
Yacare Caiman,Reptiles
White-winged wood duck,Birds
Red knot,Birds
Kokako ,Birds
Goeldi's marmoset,Mammals
White-eared  marmoset,Mammals
Buff-headed marmoset,Mammals
San Bruno elfin butterfly,Insects
Desert  rat-kangaroo,Mammals
Floreana tree-Finch,Birds
Benton County cave crayfish,Crustaceans
Big Sandy crayfish,Crustaceans
Slenderclaw crayfish,Crustaceans
Guyandotte River crayfish,Crustaceans
Hell Creek Cave crayfish,Crustaceans
Bactrian camel,Mammals
Slender campeloma,Snails
Imperial woodpecker,Birds
Ivory-billed woodpecker,Birds
Gray wolf,Mammals
Gray wolf,Mammals
Mexican wolf,Mammals
Mexican wolf,Mammals
Red wolf,Mammals
Red wolf,Mammals
Simien fox,Mammals
No common name,Corals
Chiltan  markhor,Mammals
Straight-horned markhor,Mammals
Pyrenean ibex,Mammals
Walia ibex,Mammals
Puerto Rican nightjar,Birds
Hispid hare,Mammals
Cabrera's hutia,Mammals
Large-eared hutia,Mammals
Dwarf hutia,Mammals
Little earth hutia,Mammals
Red siskin,Birds
Loggerhead sea turtle,Reptiles
Loggerhead sea turtle,Reptiles
Loggerhead sea turtle,Reptiles
Loggerhead sea turtle,Reptiles
Loggerhead sea turtle,Reptiles
Loggerhead sea turtle,Reptiles
Loggerhead sea turtle,Reptiles
Loggerhead sea turtle,Reptiles
Loggerhead sea turtle,Reptiles
Round Island casarea boa,Reptiles
Beaver ,Mammals
Asian golden  cat,Mammals
Zuni bluehead Sucker,Fishes
Santa Ana sucker,Fishes
Warner sucker,Fishes
Cheer pheasant,Birds
Gunnison sage-grouse,Birds
Jentink's duiker,Mammals
South Island Hector's dolphin,Mammals
Maui dolphin,Mammals
Northern white rhinoceros,Mammals
Southern white rhinoceros,Mammals
Tana River mangabey,Mammals
White-collared mangabey,Mammals
Diana monkey,Mammals
Red-bellied monkey,Mammals
Red-eared nose-spotted monkey,Mammals
L'hoest's monkey,Mammals
Visayan deer,Mammals
Swamp deer,Mammals
Bactrian deer,Mammals
Barbary deer,Mammals
Corsican red deer,Mammals
Kashmir stag,Mammals
McNeill's deer,Mammals
Shou,Mammals
Yarkand deer,Mammals
Eld's brow-antlered Deer,Mammals
Shansi sika deer,Mammals
Ryukyu sika deer,Mammals
South China sika deer,Mammals
North China sika deer,Mammals
Formosan sika deer,Mammals
Pig-footed bandicoot,Mammals
Esmeraldas woodstar,Birds
Thin-spined porcupine,Mammals
Piping Plover,Birds
Piping Plover,Birds
Western snowy plover,Birds
Oahu elepaio,Birds
Shortnose Sucker,Fishes
Cui-ui,Fishes
June sucker,Fishes
Green sea turtle,Reptiles
Green sea turtle,Reptiles
Green sea turtle,Reptiles
Green sea turtle,Reptiles
Green sea turtle,Reptiles
Green sea turtle,Reptiles
Green sea turtle,Reptiles
Green sea turtle,Reptiles
Green sea turtle,Reptiles
Green sea turtle,Reptiles
Green sea turtle,Reptiles
Virgin Islands tree boa,Reptiles
Chinchilla,Mammals
White-nosed saki,Mammals
Southern bearded saki,Mammals
Pink fairy armadillo,Mammals
Grenada hook-billed kite,Birds
Cuba hook-billed kite,Birds
Laurel dace,Fishes
Maned wolf,Mammals
St. Lucia Forest thrush,Birds
Salt Creek Tiger beetle,Insects
Ohlone tiger beetle,Insects
Miami tiger beetle,Insects
Oriental white stork,Birds
Robber Baron Cave Meshweaver,Arachnids
Madla Cave Meshweaver,Arachnids
Braken Bat Cave meshweaver,Arachnids
Government Canyon Bat Cave meshweaver,Arachnids
Martinique trembler ,Birds
Royal cinclodes,Birds
Maria Island ground lizard,Reptiles
Yellow-billed Cuckoo,Birds
Masked bobwhite ,Birds
Black colobus monkey,Mammals
Puerto Rican plain Pigeon,Birds
White-tailed laurel Pigeon,Birds
Pink pigeon,Birds
Azores wood pigeon,Birds
Barrington land iguana,Reptiles
Goliath Frog,Amphibians
Cebu black shama ,Birds
Seychelles magpie-robin ,Birds
Reunion cuckoo-shrike,Birds
Mauritius cuckoo-shrike,Birds
Seychelles lesser vasa parrot,Birds
Nekogigi ,Fishes
Hawaiian  Crow,Birds
Mariana  Crow,Birds
White-necked crow,Birds
Ozark big-eared bat,Mammals
Virginia big-eared bat,Mammals
Banded cotinga,Birds
Pygmy Sculpin,Fishes
Grotto Sculpin,Fishes
Bumblebee bat,Mammals
Blue-billed curassow,Birds
Red-billed curassow,Birds
White River springfish,Fishes
Hiko White River springfish,Fishes
Railroad Valley springfish,Fishes
American crocodile,Reptiles
American crocodile,Reptiles
African slender-snouted crocodile,Reptiles
Orinoco crocodile,Reptiles
Nile crocodile,Reptiles
Philippine crocodile,Reptiles
Ceylon mugger crocodile,Reptiles
Mugger crocodile,Reptiles
Saltwater crocodile,Reptiles
Saltwater crocodile,Reptiles
Cuban crocodile,Reptiles
Siamese crocodile,Reptiles
White eared pheasant,Birds
Brown eared pheasant,Birds
Aruba Island rattlesnake,Reptiles
New Mexican ridge-nosed rattlesnake,Reptiles
Eastern Hellbender,Amphibians
Ozark Hellbender,Amphibians
diamond Darter,Fishes
Spectaclecase ,Clams
Dhole,Mammals
Little blue macaw,Birds
Forbes' parakeet,Birds
Norfolk Island parakeet,Birds
Miami Blue Butterfly,Insects
Nickerbean Blue Butterfly,Insects
Mayaguana iguana,Reptiles
Turks and Caicos iguana,Reptiles
Jamaican iguana,Reptiles
Andros Island ground iguana,Reptiles
Exuma Island iguana,Reptiles
Allen's Cay iguana,Reptiles
Grand Cayman ground iguana,Reptiles
Cayman Brac ground iguana,Reptiles
Cuban ground iguana,Reptiles
Anegada ground iguana,Reptiles
White Cay ground iguana,Reptiles
Acklins ground iguana,Reptiles
Watling Island ground iguana,Reptiles
Mona ground Iguana,Reptiles
Mexican prairie dog,Mammals
Utah prairie dog,Mammals
Totoaba ,Fishes
Blue shiner,Fishes
Beautiful shiner,Fishes
Leon Springs pupfish,Fishes
Devils Hole pupfish,Fishes
Comanche Springs pupfish,Fishes
Desert pupfish,Fishes
Ash Meadows Amargosa pupfish,Fishes
Warm Springs pupfish,Fishes
Owens pupfish,Fishes
Fanshell,Clams
Fanshell,Clams
Serpent Island gecko,Reptiles
Tampico pearlymussel,Clams
Merriam's Montezuma quail,Birds
Persian fallow deer,Mammals
Bontebok,Mammals
Western rufous bristlebird,Birds
Western bristlebird,Birds
Eastern native-cat,Mammals
Aye-aye,Mammals
beluga whale,Mammals
Lost River sucker,Fishes
Pillar Coral,Corals
Barbados yellow warbler ,Birds
Central American river turtle,Reptiles
Leatherback sea turtle,Reptiles
Valley elderberry longhorn beetle,Insects
Sumatran rhinoceros,Mammals
Black rhinoceros,Mammals
Casey's June Beetle,Insects
Amsterdam Albatross,Birds
Devils River minnow,Fishes
Morro Bay kangaroo rat,Mammals
Giant kangaroo rat,Mammals
San Bernardino Merriam's kangaroo rat,Mammals
Fresno kangaroo rat,Mammals
Tipton kangaroo rat,Mammals
Stephens' kangaroo rat,Mammals
Israel painted frog,Amphibians
Iowa Pleistocene snail,Snails
`I`iwi,Birds
Cloven-feathered dove,Birds
Dromedary pearlymussel,Clams
Dromedary pearlymussel,Clams
Dromedary pearlymussel,Clams
Hawaiian picture-wing fly,Insects
Hawaiian picture-wing fly,Insects
Hawaiian picture-wing fly,Insects
Hawaiian picture-wing fly,Insects
Hawaiian picture-wing fly,Insects
Hawaiian picture-wing fly,Insects
Hawaiian picture-wing fly,Insects
Hawaiian picture-wing fly,Insects
Hawaiian picture-wing fly,Insects
Hawaiian picture-wing fly,Insects
Hawaiian picture-wing fly,Insects
Hawaiian picture-wing fly,Insects
Hawaiian picture-wing fly,Insects
Hawaiian picture-wing fly,Insects
Eastern indigo snake,Reptiles
Tristam's woodpecker,Birds
Marquesas pigeon,Birds
Mindoro imperial  pigeon,Birds
Dugong,Mammals
Chinese egret,Birds
Delta green ground beetle,Insects
Spring pygmy sunfish,Fishes
Asian elephant,Mammals
Guajon,Amphibians
Golden coqui,Amphibians
Llanero Coqui,Amphibians
Lacy elimia ,Snails
Puritan tiger beetle,Insects
Chipola slabshell,Clams
Yellow lance,Clams
Altamaha Spinymussel,Clams
Purple bankclimber ,Clams
Pacific sheath-tailed Bat,Mammals
Pacific sheath-tailed Bat,Mammals
Slevin's skink,Reptiles
Pahrump poolfish,Fishes
Euler's flycatcher,Birds
Southwestern willow flycatcher,Birds
Northern Sea Otter,Mammals
Southern sea otter,Mammals
Puerto Rican boa,Reptiles
Mona boa,Reptiles
Jamaican boa,Reptiles
Nassau grouper,Fishes
Cumberlandian combshell,Clams
Cumberlandian combshell,Clams
Cumberlandian combshell,Clams
Oyster mussel,Clams
Oyster mussel,Clams
Oyster mussel,Clams
Curtis pearlymussel,Clams
Yellow blossom ,Clams
Yellow blossom ,Clams
Tan riffleshell,Clams
Upland combshell,Clams
Purple Cat's paw ,Clams
Purple Cat's paw ,Clams
White catspaw ,Clams
Southern acornshell,Clams
Southern combshell,Clams
Northern riffleshell,Clams
Green blossom ,Clams
Tubercled blossom ,Clams
Tubercled blossom ,Clams
Snuffbox mussel,Clams
Turgid blossom ,Clams
Turgid blossom ,Clams
African wild ass,Mammals
Grevy's zebra,Mammals
Asian wild ass,Mammals
Przewalski's horse,Mammals
Hartmann's mountain zebra,Mammals
Cape Mountain zebra,Mammals
Mountain zebra,Mammals
Desert dace,Fishes
Streaked Horned lark,Birds
Hawksbill sea turtle,Reptiles
bearded Seal,Mammals
bearded Seal,Mammals
Spotfin Chub,Fishes
Spotfin Chub,Fishes
Spotfin Chub,Fishes
Spotfin Chub,Fishes
Slender chub,Fishes
Slender chub,Fishes
Newcomb's snail,Snails
black-breasted puffleg,Birds
Gray whale,Mammals
bluemask darter,Fishes
Slackwater darter,Fishes
Vermilion darter,Fishes
Relict darter,Fishes
Etowah darter,Fishes
Fountain darter,Fishes
Yellowcheek Darter,Fishes
Niangua darter,Fishes
Watercress darter,Fishes
Okaloosa darter,Fishes
Candy darter,Fishes
Duskytail darter,Fishes
Duskytail darter,Fishes
Duskytail darter,Fishes
Rush Darter,Fishes
Bayou darter,Fishes
Cherokee darter,Fishes
Maryland darter,Fishes
Kentucky arrow darter,Fishes
Cumberland darter,Fishes
Trispot darter,Fishes
Boulder darter,Fishes
Boulder darter,Fishes
Snail [no common name],Snails
Southern Right Whale,Mammals
North Atlantic Right Whale,Mammals
North Pacific Right Whale,Mammals
Island marble Butterfly,Insects
Tidewater goby,Fishes
southern rockhopper penguin,Birds
fiordland crested penguin,Birds
erect-crested penguin,Birds
white-flippered penguin,Birds
Chilean woodstar,Birds
Bluetail mole skink,Reptiles
Steller sea lion,Mammals
Florida bonneted bat,Mammals
El Segundo blue butterfly,Insects
Smith's blue butterfly,Insects
Bay checkerspot butterfly,Insects
Quino checkerspot butterfly,Insects
Taylor's  Checkerspot,Insects
No common name,Corals
Kern primrose sphinx moth,Insects
Salado Salamander,Amphibians
San Marcos salamander,Amphibians
Georgetown Salamander,Amphibians
Texas blind salamander,Amphibians
Barton Springs salamander,Amphibians
Jollyville Plateau Salamander,Amphibians
Austin blind Salamander,Amphibians
Caerulean Paradise flycatcher,Birds
Madagascar serpent eagle,Birds
Seychelles kestrel,Birds
Northern Aplomado Falcon,Birds
Northern Aplomado Falcon,Birds
Eurasian peregrine falcon,Birds
Mauritius kestrel,Birds
Andean cat,Mammals
Pakistan sand cat,Mammals
Black-footed cat,Mammals
Spanish lynx,Mammals
Black hooded  antwren,Birds
Rodrigues fody,Birds
Mauritius fody,Birds
Seychelles fody ,Birds
Djibouti francolin,Birds
Andrew's frigatebird,Birds
Hawaiian coot,Birds
Barrens topminnow,Fishes
Tapered pigtoe,Clams
Shiny pigtoe,Clams
Shiny pigtoe,Clams
Shiny pigtoe,Clams
Finerayed pigtoe,Clams
Finerayed pigtoe,Clams
Finerayed pigtoe,Clams
Narrow pigtoe,Clams
Atlantic pigtoe,Clams
Friendly Ground-Dove,Birds
Mariana common moorhen,Birds
Hawaiian common gallinule,Birds
Lord Howe wood rail,Birds
Hierro giant lizard,Reptiles
Blunt-nosed leopard lizard,Reptiles
Big Bend gambusia,Fishes
San Marcos gambusia,Fishes
Clear Creek gambusia,Fishes
Pecos gambusia,Fishes
Illinois cave amphipod,Crustaceans
Noel's Amphipod,Crustaceans
Diminutive Amphipod,Crustaceans
Pecos amphipod,Crustaceans
Unarmored threespine stickleback,Fishes
Gavial,Reptiles
Mountain  gazelle,Mammals
Dama gazelle,Mammals
Rio de Oro Dama gazelle,Mammals
Mhorr gazelle,Mammals
Moroccan gazelle,Mammals
Pelzeln's gazelle,Mammals
Saudi Arabian gazelle,Mammals
Arabian gazelle,Mammals
Slender-horned gazelle,Mammals
Sand gazelle,Mammals
Galapagos tortoise,Reptiles
Madagascar radiated tortoise,Reptiles
Angulated tortoise,Reptiles
Spotted pond turtle,Reptiles
Night  parrot,Birds
Northern bald ibis,Birds
Hutton tui chub,Fishes
Mohave tui chub,Fishes
Owens Tui Chub,Fishes
Humpback chub,Fishes
Sonora chub,Fishes
Bonytail,Fishes
Gila chub,Fishes
Chihuahua chub,Fishes
Yaqui chub,Fishes
Pahranagat roundtail chub,Fishes
Virgin River Chub,Fishes
Carolina northern flying squirrel,Mammals
Palos Verdes blue butterfly,Insects
bog turtle,Reptiles
bog turtle,Reptiles
Desert tortoise,Reptiles
Desert tortoise,Reptiles
Bolson tortoise,Reptiles
Gopher tortoise,Reptiles
Gorilla,Mammals
Brown-banded antpitta,Birds
Yellow-blotched map turtle,Reptiles
Ringed map turtle,Reptiles
Whooping crane,Birds
Whooping crane,Birds
Whooping crane,Birds
Whooping crane,Birds
Cuba sandhill crane,Birds
Mississippi sandhill crane,Birds
Japanese Crane,Birds
Siberian white Crane,Birds
Hooded Crane,Birds
Black-necked Crane,Birds
White-naped Crane,Birds
Leadbeater's Possum,Mammals
California condor,Birds
California condor,Birds
California condor,Birds
Mao ,Birds
Northeastern beach tiger beetle,Insects
Canarian black oystercatcher,Birds
Guam Micronesian kingfisher,Birds
Greenland white-tailed eagle,Birds
Madagascar sea eagle,Birds
Black Abalone,Snails
White Abalone,Snails
Finelined pocketbook,Clams
Southern Sandshell,Clams
Orangenacre mucket,Clams
Shinyrayed pocketbook,Clams
Harpy eagle,Birds
Morro shoulderband  snail,Snails
Ceraunus Blue Butterfly,Insects
Maui nukupuu,Birds
Kauai nukupuu,Birds
akiapolaau,Birds
Chatham Island pigeon,Birds
Cracking pearlymussel,Clams
Cracking pearlymussel,Clams
Cracking pearlymussel,Clams
Arabian tahr,Mammals
Kaempfer's tody-tyrant,Birds
Schaus swallowtail butterfly,Insects
Guatemalan jaguarundi,Mammals
Panamanian jaguarundi,Mammals
Dakota Skipper,Insects
Pawnee montane skipper,Insects
Comal Springs riffle beetle,Insects
Hawaiian stilt,Birds
Black Stilt,Birds
North Andean huemul,Mammals
South Andean huemul,Mammals
Singapore roundleaf horseshoe bat,Mammals
Giant sable antelope,Mammals
Kaluga sturgeon,Fishes
Beluga sturgeon,Fishes
Barbary hyena,Mammals
Rio Grande Silvery Minnow,Fishes
Rio Grande Silvery Minnow,Fishes
Anthricinan yellow-faced bee,Insects
Assimulans yellow-faced bee,Insects
Easy yellow-faced bee,Insects
Hilaris yellow-faced bee,Insects
Hawaiian yellow-faced bee,Insects
Hawaiian yellow-faced bee,Insects
Hawaiian yellow-faced bee,Insects
Gibbons,Mammals
Ayumodoki ,Fishes
Mariana eight-spot butterfly,Insects
Delta smelt,Fishes
Mauritius olivaceous Bulbul,Birds
Mount Charleston blue butterfly,Insects
Fender's blue butterfly,Insects
Mission blue butterfly,Insects
Yaqui catfish,Fishes
Indri lemur,Mammals
Rota blue damselfly,Insects
No common name,Corals
Koster's springsnail,Snails
Indian sawback turtle,Reptiles
Sonoyta mud turtle,Reptiles
Red lechwe,Mammals
Western hare wallaby,Mammals
Banded hare wallaby,Mammals
Yellow-tailed woolly monkey,Mammals
Pink mucket ,Clams
Higgins eye ,Clams
Arkansas fatmucket,Clams
Neosho Mucket,Clams
Speckled pocketbook,Clams
Alabama lampmussel,Clams
Alabama lampmussel,Clams
San Clemente loggerhead shrike,Birds
Banbury Springs limpet,Snails
Audouin's gull,Birds
Relict gull,Birds
Queensland hairy-nosed wombat ,Mammals
Hawaiian hoary bat,Mammals
Carolina heelsplitter,Clams
Eastern Black rail,Birds
Junin rail,Birds
African coelacanth,Fishes
Meltwater lednian stonefly,Insects
Round Island skink,Reptiles
Stephen Island frog,Amphibians
Birdwing pearlymussel,Clams
Birdwing pearlymussel,Clams
Birdwing pearlymussel,Clams
Lemurs,Mammals
Golden-rumped tamarin,Mammals
Ocelot,Mammals
Tiger cat,Mammals
Margay,Mammals
Kemp's ridley sea turtle,Reptiles
Olive ridley sea turtle,Reptiles
Olive ridley sea turtle,Reptiles
White River spinedace,Fishes
Big Spring spinedace,Fishes
Little Colorado spinedace,Fishes
Vernal pool tadpole shrimp,Crustaceans
Stick-nest rat,Mammals
Barbary serval,Mammals
White-browed tit-spinetail,Birds
Scaleshell mussel,Clams
Mexican long-nosed bat,Mammals
Greater adjutant,Birds
Cassius Blue Butterfly,Insects
Grenada gray-fronted dove,Birds
Round rocksnail,Snails
Interrupted  Rocksnail,Snails
Plicate rocksnail,Snails
Painted rocksnail,Snails
Flat pebblesnail,Snails
Semper's warbler ,Birds
Rothschild's starling ,Birds
Helmeted honeyeater,Birds
Maria Island snake,Reptiles
Cylindrical lioplax ,Snails
Chinese River Dolphin,Mammals
Lee County cave isopod,Crustaceans
Marine otter,Mammals
Long-tailed otter,Mammals
Southern river otter,Mammals
Chinese monal pheasant,Birds
Sclater's monal pheasant,Birds
Edward's pheasant,Birds
Imperial pheasant,Birds
Swinhoe's pheasant,Birds
Palila ,Birds
African elephant,Mammals
Akekee,Birds
Hawaii akepa,Birds
Maui akepa,Birds
Lotis blue butterfly,Insects
Karner blue butterfly,Insects
Hermes copper butterfly,Insects
African wild dog,Mammals
Mexican bobcat,Mammals
Canada Lynx,Mammals
Stump-tailed macaque,Mammals
Formosan rock macaque,Mammals
Japanese macaque,Mammals
Lion-tailed macaque,Mammals
Toque macaque,Mammals
Peppered chub,Fishes
Maleo megapode,Birds
Tasmanian forester kangaroo,Mammals
Parma wallaby,Mammals
Rabbit bandicoot,Mammals
Lesser rabbit bandicoot,Mammals
Ulugura bush-shrike,Birds
Ibadan malimbe,Birds
Drill,Mammals
Mandrill,Mammals
Blackburn's sphinx moth,Insects
Temnick''s ground Pangolin,Mammals
Louisiana pearlshell,Clams
Alabama pearlshell,Clams
Vancouver Island marmot,Mammals
Royal marstonia ,Snails
Armored snail,Snails
"Pacific Marten, Coastal Distinct Population Segment",Mammals
Formosan yellow-throated marten,Mammals
Alameda whipsnake ,Reptiles
Spikedace,Fishes
Alabama moccasinshell,Clams
Coosa moccasinshell,Clams
Gulf moccasinshell,Clams
Ochlockonee moccasinshell,Clams
Suwannee moccasinshell,Clams
yellow-eyed penguin,Birds
Crimson Hawaiian damselfly,Insects
Flying earwig Hawaiian damselfly,Insects
Blackline Hawaiian damselfly,Insects
Oceanic Hawaiian damselfly,Insects
Pacific Hawaiian damselfly,Insects
Orangeblack Hawaiian damselfly,Insects
Nicklin's pearlymussel,Clams
Micronesian megapode,Birds
Humpback whale,Mammals
Humpback whale,Mammals
Humpback whale,Mammals
Humpback whale,Mammals
Humpback whale,Mammals
Po`ouli ,Birds
Three-keeled Asian turtle,Reptiles
Black caiman,Reptiles
Waccamaw silverside,Fishes
Brazillian merganser,Birds
noonday snail,Snails
Spruce-fir moss spider,Arachnids
Amargosa vole,Mammals
Florida salt marsh vole,Mammals
Giant scops owl,Birds
Socorro mockingbird,Birds
Razor-billed curassow,Birds
Moapa dace,Fishes
Kauai `o`o ,Birds
Mediterranean monk seal,Mammals
Hawaiian monk seal,Mammals
No common name,Corals
Burmese peacock turtle,Reptiles
Musk deer,Mammals
Fea's muntjac,Mammals
Black-footed ferret,Mammals
Black-footed ferret,Mammals
Molokai thrush,Birds
Large Kauai  Thrush,Birds
Small Kauai  Thrush,Birds
Rough Cactus Coral,Corals
Wood stork,Birds
Gray bat,Mammals
Northern Long-Eared Bat,Mammals
Indiana bat,Mammals
Numbat,Mammals
Serow,Mammals
Goral,Mammals
Pagi Island langur,Mammals
Proboscis monkey,Mammals
Marungu sunbird,Birds
African viviparous toads,Amphibians
Black warrior  Waterdog,Amphibians
Neuse River waterdog,Amphibians
Cherry-throated tanager,Birds
Clouded leopard,Mammals
Southeastern rufous-vented ground cuckoo,Birds
Saint Francis' satyr butterfly,Insects
Mitchell's satyr Butterfly,Insects
Orange-bellied parakeet,Birds
Sand skink,Reptiles
Key Largo woodrat,Mammals
Riparian woodrat ,Mammals
Zanzibar suni,Mammals
Atlantic salt marsh snake,Reptiles
Copperbelly water snake,Reptiles
Aldabra Warbler ,Birds
Newcomb's Tree snail,Snails
American burying beetle,Insects
American burying beetle,Insects
Japanese crested ibis,Birds
Australian native mouse,Mammals
Palezone shiner,Fishes
Smalleye Shiner,Fishes
Cahaba shiner,Fishes
Arkansas River shiner,Fishes
Cape Fear shiner,Fishes
Sharpnose Shiner,Fishes
Pecos bluntnose shiner,Fishes
Topeka shiner,Fishes
Topeka shiner,Fishes
Smoky madtom,Fishes
Smoky madtom,Fishes
Chucky Madtom,Fishes
Yellowfin madtom,Fishes
Yellowfin madtom,Fishes
Yellowfin madtom,Fishes
Yellowfin madtom,Fishes
Carolina madtom,Fishes
Neosho madtom,Fishes
Pygmy madtom,Fishes
Pygmy madtom,Fishes
Scioto madtom,Fishes
Chittenango ovate amber snail,Snails
Eskimo curlew,Birds
Slender-billed curlew,Birds
Lesser slow loris,Mammals
Poweshiek skipperling,Insects
Choctaw bean,Clams
Ring pink ,Clams
Ring pink ,Clams
Band-rumped storm-petrel,Birds
Cedros Island mule Deer,Mammals
Key deer,Mammals
Columbian white-tailed deer,Mammals
Gorgeted wood-quail,Birds
Coho salmon,Fishes
Coho salmon,Fishes
Coho salmon,Fishes
Coho salmon,Fishes
Steelhead,Fishes
Steelhead,Fishes
Steelhead,Fishes
Steelhead,Fishes
Steelhead,Fishes
Steelhead,Fishes
Steelhead,Fishes
Steelhead,Fishes
Steelhead,Fishes
Steelhead,Fishes
Steelhead,Fishes
Steelhead,Fishes
Sockeye salmon,Fishes
Sockeye salmon,Fishes
Chinook salmon,Fishes
Chinook salmon,Fishes
Chinook salmon,Fishes
Chinook salmon,Fishes
Chinook salmon,Fishes
Chinook salmon,Fishes
Chinook salmon,Fishes
Chinook salmon,Fishes
Chinook salmon,Fishes
Little Kern golden trout,Fishes
Apache trout,Fishes
Lahontan cutthroat trout,Fishes
Paiute cutthroat trout,Fishes
Greenback Cutthroat trout,Fishes
Gila trout,Fishes
Chum salmon,Fishes
Chum salmon,Fishes
Brindled nail-tailed wallaby,Mammals
Crescent nail-tailed wallaby,Mammals
Lobed Star Coral,Corals
Mountainous Star Coral,Corals
Boulder star coral,Corals
Killer whale,Mammals
Nashville crayfish,Crustaceans
Akikiki,Birds
Hawaii creeper,Birds
Horned guan,Birds
Stock Island tree snail,Snails
Scimitar-horned oryx,Mammals
Arabian oryx,Mammals
Silver rice rat,Mammals
Congo dwarf crocodile,Reptiles
African dwarf crocodile,Reptiles
Snail [no common name],Snails
Morden's owlet,Birds
Seychelles scops owl,Birds
Anjouan scops owl,Birds
Argali,Mammals
Argali,Mammals
Peninsular bighorn sheep,Mammals
Sierra Nevada bighorn sheep,Mammals
Urial,Mammals
Shapo,Mammals
Pampas deer,Mammals
Shasta crayfish,Crustaceans
Squirrel Chimney Cave shrimp,Crustaceans
Alabama cave shrimp,Crustaceans
Kentucky cave shrimp,Crustaceans
crested honeycreeper ,Birds
Pygmy chimpanzee,Mammals
Chimpanzee,Mammals
Thailand giant catfish,Fishes
Catfish,Fishes
Tibetan antelope,Mammals
Lion,Mammals
Lion,Mammals
Jaguar,Mammals
Leopard,Mammals
Leopard,Mammals
Tiger,Mammals
Abbott's booby,Birds
Luzon peacock swallowtail butterfly,Insects
Homerus swallowtail butterfly,Insects
Corsican swallowtail butterfly,Insects
Manus Island tree snail,Snails
Brown Hyena,Mammals
Marbled cat,Mammals
Molokai creeper,Birds
Oahu creeper,Birds
Humped tree snail,Snails
Langford's tree snail,Snails
Guam tree snail,Snails
Lanai tree snail,Snails
Lanai tree snail,Snails
James spinymussel,Clams
Tar River spinymussel,Clams
No common name,Corals
Plains wanderer ,Birds
Littlewing pearlymussel,Clams
Fisher,Mammals
Puerto Rican crested toad,Amphibians
White-winged guan,Birds
Cauca guan,Birds
Ryukyu rabbit,Mammals
Barred bandicoot,Mammals
Desert bandicoot,Mammals
Amber darter,Fishes
Goldline darter,Fishes
Pearl darter,Fishes
Conasauga logperch,Fishes
Leopard darter,Fishes
Roanoke logperch,Fishes
Snail darter,Fishes
Pacific pocket mouse,Mammals
Key Largo cotton mouse,Mammals
Choctawhatchee beach mouse,Mammals
Alabama beach mouse,Mammals
Southeastern beach mouse,Mammals
St. Andrew beach mouse,Mammals
Anastasia Island beach mouse,Mammals
Perdido Key beach mouse,Mammals
Yellow-footed rock wallaby,Mammals
Scarlet-breasted robin ,Birds
Chatham Island robin,Birds
Ground parrot,Birds
Red-faced malkoha ,Birds
Red Hills salamander,Amphibians
Margaretta's hermit,Birds
Resplendent quetzel,Birds
Koala,Mammals
Day gecko,Reptiles
Round Island day gecko,Reptiles
Ringed Seal,Mammals
Ringed Seal,Mammals
Ringed seal,Mammals
Ringed Seal,Mammals
Saimaa seal,Mammals
Spotted Seal,Mammals
Cochito,Mammals
Short-tailed albatross,Birds
Andean flamingo,Birds
Blackside dace,Fishes
Brazilian sideneck turtle,Reptiles
Snake River physa snail,Snails
Sperm whale,Mammals
Peruvian plantcutter,Birds
White-necked rockfowl,Birds
Grey-necked rockfowl,Birds
Red-cockaded woodpecker,Birds
Red-capped parrot,Birds
Black-fronted piping-guan,Birds
Trinidad white-headed curassow,Birds
Inyo California towhee,Birds
Philippine eagle,Birds
Gurney's pitta,Birds
Koch's pitta,Birds
Black pinesnake,Reptiles
Louisiana pinesnake,Reptiles
Woundfin,Fishes
Woundfin,Fishes
Little planigale,Mammals
Southern planigale,Mammals
South Asian River dolphin,Mammals
Banded wattle-eye,Birds
White wartyback ,Clams
White wartyback ,Clams
Orangefoot pimpleback ,Clams
Orangefoot pimpleback ,Clams
Sheepnose Mussel,Clams
Jemez Mountains salamander,Amphibians
Cheat Mountain salamander,Amphibians
Shenandoah salamander,Amphibians
Clubshell,Clams
Clubshell,Clams
Black clubshell,Clams
Southern clubshell,Clams
Dark pigtoe,Clams
Southern pigtoe,Clams
Georgia pigtoe,Clams
Flat pigtoe,Clams
Ovate clubshell,Clams
Rough pigtoe,Clams
Rough pigtoe,Clams
Oval pigtoe,Clams
Fuzzy pigtoe,Clams
Heavy pigtoe,Clams
Rough hornsnail,Snails
Slabside Pearlymussel,Clams
Cumberland pigtoe,Clams
Clarke's weaver,Birds
Ibiza wall lizard,Reptiles
Junin grebe,Birds
Atitlan grebe,Birds
Tartaruga,Reptiles
Tracaja,Reptiles
Gila topminnow ,Fishes
Sri Lankan Ornamental Tarantula,Arachnids
Fringed Ornamental Tarantula,Arachnids
Kandy Parachute Spider,Arachnids
Ivory Ornamental Tarantula,Arachnids
Pederseni''s Tiger Spider,Arachnids
Coastal California gnatcatcher,Birds
Audubon's crested caracara,Birds
Virginia fringed mountain snail,Snails
Mount Hermon June beetle,Insects
Palawan peacock pheasant,Birds
Steller's Eider,Birds
Tahiti flycatcher,Birds
Orangutan,Mammals
Texas Hornshell,Clams
No common name,Corals
Fat pocketbook,Clams
Inflated heelsplitter,Clams
Long-tailed langur,Mammals
Purple-faced langur,Mammals
Mexican blindcat ,Fishes
Giant armadillo,Mammals
Leopard cat,Mammals
Iriomote cat,Mammals
Flat-headed cat,Mammals
Spotted linsang,Mammals
Dwarf sawfish,Fishes
Smalltooth sawfish,Fishes
Smalltooth sawfish,Fishes
Largetooth Sawfish,Fishes
Green sawfish,Fishes
Ikan temoleh ,Fishes
Panama City crayfish,Crustaceans
Anchialine pool Shrimp,Crustaceans
Zanzibar red colobus monkey,Mammals
Preuss' red colobus monkey,Mammals
Tana River red colobus monkey,Mammals
Sifakas,Mammals
Geometric turtle,Reptiles
Golden-shouldered parakeet,Birds
Paradise parakeet,Birds
Short-necked or western swamp turtle,Reptiles
Alabama red-bellied turtle,Reptiles
Plymouth Redbelly Turtle,Reptiles
Giant ibis,Birds
Fiji petrel,Birds
Carson wandering skipper,Insects
Field's mouse,Mammals
Smoky mouse,Mammals
Gould's mouse,Mammals
New Holland mouse,Mammals
Western mouse,Mammals
Shark Bay mouse,Mammals
Shortridge's mouse,Mammals
Maui parrotbill ,Birds
false killer whale,Mammals
Diamond Tryonia,Snails
Mauritius parakeet,Birds
`O`u ,Birds
Western whipbird,Birds
Mascarene black petrel,Birds
Chatham Island petrel,Birds
Bermuda petrel,Birds
Freira,Birds
Magenta petrel,Birds
Galapagos petrel,Birds
Hawaiian petrel,Birds
Giant otter,Mammals
Mariana fruit Bat ,Mammals
Rodrigues fruit bat ,Mammals
Little Mariana fruit Bat,Mammals
Triangular Kidneyshell,Clams
Southern kidneyshell,Clams
Fluted kidneyshell,Clams
Colorado pikeminnow ,Fishes
Colorado pikeminnow ,Fishes
Pudu,Mammals
Newell's Townsend's shearwater,Birds
Heinroth's shearwater,Birds
Puma ,Mammals
Florida panther,Mammals
Costa Rican puma,Mammals
Gulf Coast jaguarundi,Mammals
Sinaloan jaguarundi,Mammals
Douc langur,Mammals
San Bernardino springsnail,Snails
Bruneau Hot springsnail,Snails
Chupadera springsnail,Snails
Socorro springsnail,Snails
Roswell springsnail,Snails
Phantom Springsnail,Snails
Three Forks Springsnail,Snails
Laguna Mountains skipper,Insects
Fringe-backed fire-eye,Birds
Sao Miguel bullfinch ,Birds
Blue-throated  parakeet,Birds
Indian python,Reptiles
Rabbitsfoot,Clams
Rough rabbitsfoot,Clams
Winged Mapleleaf,Clams
Winged Mapleleaf,Clams
Stirrupshell,Clams
Slender-billed Grackle,Birds
Light-footed clapper rail,Birds
California clapper rail,Birds
Yuma Ridgway''s rail,Birds
Guam rail,Birds
Guam rail,Birds
Aukland Island rail,Birds
White-breasted thrasher,Birds
Hook-billed hermit ,Birds
Chiricahua leopard frog,Amphibians
California red-legged frog,Amphibians
Mountain yellow-legged frog,Amphibians
Mountain yellow-legged frog,Amphibians
Oregon spotted frog,Amphibians
dusky gopher frog,Amphibians
Sierra Nevada Yellow-legged Frog,Amphibians
Southern Mountain Caribou DPS,Mammals
Round Ebonyshell,Clams
Salt marsh harvest mouse,Mammals
[no common name] Beetle,Insects
[no common name] Beetle,Insects
Tooth Cave ground beetle,Insects
Delhi Sands flower-loving fly,Insects
Lesser rhea ,Birds
Independence Valley speckled dace,Fishes
Ash Meadows speckled dace,Fishes
Clover Valley speckled dace,Fishes
Kendall Warm Springs dace,Fishes
Javan rhinoceros,Mammals
Great Indian rhinoceros,Mammals
Tonkin snub-nosed monkey,Mammals
Yunnan snub-nosed monkey,Mammals
Guizhou snub-nosed monkey,Mammals
Sichuan snub-nosed monkey,Mammals
Jerdon's courser,Birds
Pink-headed duck,Birds
Thick-billed parrot,Birds
Kagu,Birds
Volcano rabbit,Mammals
Everglade snail kite,Birds
Ponape greater white-eye,Birds
Apennine chamois,Mammals
Pied tamarin,Mammals
White-footed tamarin,Mammals
Cotton-top tamarin,Mammals
Mongolian saiga ,Mammals
Red-backed squirrel monkey,Mammals
Ala balik ,Fishes
Atlantic salmon,Fishes
Bull Trout,Fishes
Bull Trout,Fishes
Fragile tree snail,Snails
San Esteban Island chuckwalla,Reptiles
Pallid sturgeon,Fishes
Shovelnose Sturgeon,Fishes
Alabama sturgeon,Fishes
Asian bonytongue,Fishes
Bocaccio,Fishes
canary rockfish,Fishes
yelloweye rockfish,Fishes
Gray  langur,Mammals
No common name,Corals
Quokka,Mammals
Elfin-woods warbler,Birds
golden-cheeked warbler,Birds
Eastern Massasauga ,Reptiles
Algerian nuthatch,Birds
Long-tailed marsupial-mouse,Mammals
Large desert marsupial-mouse,Mammals
Cuban solenodon,Mammals
Haitian solenodon,Mammals
Spectacled eider,Birds
Hine's emerald dragonfly,Insects
Buena Vista Lake ornate Shrew,Mammals
Kauai cave amphipod,Crustaceans
Alabama cavefish,Fishes
Callippe silverspot butterfly,Insects
Behren's silverspot butterfly,Insects
Oregon silverspot butterfly,Insects
Oregon silverspot butterfly,Insects
Myrtle's silverspot butterfly,Insects
African penguin,Birds
Humboldt penguin,Birds
Galapagos penguin,Birds
Brother's Island tuatara,Reptiles
Tuatara,Reptiles
Scalloped Hammerhead Shark,Fishes
Scalloped Hammerhead Shark,Fishes
Scalloped Hammerhead Shark,Fishes
Scalloped Hammerhead Shark,Fishes
Angel shark,Fishes
California least tern,Birds
Roseate tern,Birds
Roseate tern,Birds
Flattened musk turtle,Reptiles
Riverside fairy shrimp,Crustaceans
Seychelles turtle dove,Birds
Kakapo,Birds
Northern spotted owl,Birds
Mexican spotted owl,Birds
West African ostrich,Birds
Arabian ostrich,Birds
Bartram's hairstreak Butterfly,Insects
Peck's cave amphipod,Crustaceans
Hay's Spring amphipod,Crustaceans
Comal Springs dryopid beetle,Insects
Pygmy hog,Mammals
Riparian brush rabbit,Mammals
Lower Keys marsh rabbit,Mammals
Siamang,Mammals
California freshwater shrimp,Crustaceans
Elliot's pheasant,Birds
Bar-tailed pheasant,Birds
Mikado pheasant,Birds
Alaotra Grebe,Birds
Mount Graham red squirrel,Mammals
Miyako tango ,Fishes
Central American tapir,Mammals
Asian tapir,Mammals
Mountain tapir,Mammals
South American  tapir,Mammals
Philippine tarsier,Mammals
Tooth Cave pseudoscorpion,Arachnids
Bannerman's turaco,Birds
Western giant eland,Mammals
Bliss Rapids snail,Snails
Government Canyon Bat Cave spider,Arachnids
Tooth Cave spider,Arachnids
Laysan finch ,Birds
Nihoa finch ,Birds
Seychelles paradise flycatcher,Birds
Aquatic box turtle,Reptiles
Cantabrian capercaillie,Birds
Kretschmarr Cave mold beetle,Insects
Cokendolpher Cave Harvestman,Arachnids
Bee Creek Cave harvestman,Arachnids
Bone Cave harvestman,Arachnids
Eulachon,Fishes
Northern Mexican gartersnake,Reptiles
Giant garter snake,Reptiles
Narrow-headed gartersnake,Reptiles
San Francisco garter snake,Reptiles
Cumberland monkeyface ,Clams
Cumberland monkeyface ,Clams
Cumberland monkeyface ,Clams
Appalachian monkeyface ,Clams
Appalachian monkeyface ,Clams
Socorro isopod,Crustaceans
Gelada baboon,Mammals
New Zealand shore plover,Birds
Roy Prairie pocket gopher,Mammals
Olympia pocket gopher,Mammals
Tenino pocket gopher,Mammals
Yelm pocket gopher,Mammals
Tasmanian tiger,Mammals
Loach minnow,Fishes
Solitary tinamou,Birds
Tomistoma,Reptiles
Pale lilliput ,Clams
South American red-lined turtle,Reptiles
Inagua Island turtle,Reptiles
Cat Island turtle,Reptiles
Francois' langur,Mammals
Golden langur,Mammals
Capped Langur,Mammals
Blyth's tragopan pheasant,Birds
Cabot's tragopan pheasant,Birds
Western tragopan pheasant,Birds
Amazonian manatee,Mammals
West Indian Manatee,Mammals
West African manatee,Mammals
Long-legged warbler,Birds
Zayante band-winged grasshopper,Insects
Nordmann's greenshank,Birds
Flat-spired three-toothed Snail,Snails
Cuatro Cienegas softshell turtle,Reptiles
Indian softshell turtle,Reptiles
Peacock softshell turtle,Reptiles
Black softshell turtle,Reptiles
Guadeloupe house wren,Birds
St. Lucia house wren,Birds
Queen Alexandra's birdwing butterfly,Insects
Alamosa springsnail,Snails
Phantom Tryonia,Snails
Gonzales tryonia,Snails
No common name,Corals
Tulotoma snail,Snails
Taita thrush,Birds
New Zealand thrush ,Birds
Attwater's greater prairie-chicken,Birds
Madagascar red owl,Birds
Coachella Valley fringe-toed lizard,Reptiles
Snow leopard,Mammals
Long-tailed ground roller,Birds
Northern Idaho Ground Squirrel,Mammals
Santa Catalina Island Fox,Mammals
Brown bear,Mammals
Grizzly bear,Mammals
Brown bear,Mammals
Polar bear,Mammals
Baluchistan bear,Mammals
Mariana wandering butterfly,Insects
Indian  monitor,Reptiles
Yellow monitor,Reptiles
Desert monitor,Reptiles
Komodo Island monitor,Reptiles
Bachman's warbler ,Birds
Anchialine pool shrimp,Crustaceans
Vicuna,Mammals
Vicuna,Mammals
Rayed Bean,Clams
Purple bean,Clams
Cumberland bean ,Clams
Cumberland bean ,Clams
Cumberland bean ,Clams
Lar Valley viper,Reptiles
Least Bell's vireo,Birds
Malabar large-spotted civet,Mammals
San Joaquin kit fox,Mammals
Northern swift fox,Mammals
Sierra Nevada red fox,Mammals
Andean condor,Birds
Scaly-tailed possum,Mammals
New Zealand bushwren,Birds
Van Dam's vanga,Birds
Pollen's vanga,Birds
False water rat,Mammals
White-winged cotinga,Birds
Razorback sucker,Fishes
Western glacier stonefly,Insects
New Mexico meadow jumping mouse,Mammals
Preble's meadow jumping mouse,Mammals
Norfolk Island white-eye,Birds
Bridled white-eye,Birds
Seychelles white-eye,Birds
Rota bridled White-eye,Birds
Australian native mouse,Mammals
